Model,Validation Loss
Plain T5,2.573399543762207
+ ROPE,2.1165127754211426
+ GQA,2.073946237564087
+ MoE,2.202924966812134
+ MoE Comp. Loss,2.3780202865600586
