Model,Validation
Base T5,2.573399543762207
ROPE,2.1165127754211426
ROPE GQA,2.073946237564087
ROPE GQA Plain MOE,2.073946237564087