Model,Validation Loss,Rouge-L
Base T5,2.3727962970733643,20.4991
Mini ROPE GQA,1.196610450744629,46.4145
Flan T5,0.6404178738594055,55.7076